{"cameraMode":{"drawMode":0,"name":"Shaded","section":"Shading Mode"},"sceneLighting":false,"audioPlay":false,"sceneViewState":{"m_AlwaysRefresh":false,"showFog":true,"showSkybox":false,"showFlares":true,"showImageEffects":true,"showParticleSystems":true,"showVisualEffectGraphs":true,"m_FxEnabled":true},"in2DMode":false,"pivot":{"x":34.060001373291019,"y":2.0399999618530275,"z":-8.109999656677246},"rotation":{"x":-0.007163946982473135,"y":0.03778098523616791,"z":0.0006851489888504148,"w":0.999147891998291},"size":2.64927339553833,"orthographic":false}