{"cameraMode":{"drawMode":0,"name":"Shaded","section":"Shading Mode"},"sceneLighting":false,"audioPlay":false,"sceneViewState":{"m_AlwaysRefresh":false,"showFog":true,"showSkybox":false,"showFlares":true,"showImageEffects":true,"showParticleSystems":true,"showVisualEffectGraphs":true,"m_FxEnabled":true},"in2DMode":false,"pivot":{"x":-0.620647668838501,"y":0.7576262354850769,"z":-0.5748701691627502},"rotation":{"x":0.036688413470983508,"y":-0.4741303026676178,"z":-0.019771937280893327,"w":-0.879436731338501},"size":0.8660253882408142,"orthographic":false}