{"cameraMode":{"drawMode":0,"name":"Shaded","section":"Shading Mode"},"sceneLighting":false,"audioPlay":false,"sceneViewState":{"m_AlwaysRefresh":false,"showFog":true,"showSkybox":false,"showFlares":true,"showImageEffects":true,"showParticleSystems":true,"showVisualEffectGraphs":true,"m_FxEnabled":true},"in2DMode":false,"pivot":{"x":-23.730974197387697,"y":-3.907850980758667,"z":12.403910636901856},"rotation":{"x":0.023464426398277284,"y":0.8884442448616028,"z":-0.04560302570462227,"w":0.4560515880584717},"size":0.8590318560600281,"orthographic":false}