{"cameraMode":{"drawMode":0,"name":"Shaded","section":"Shading Mode"},"sceneLighting":false,"audioPlay":false,"sceneViewState":{"m_AlwaysRefresh":false,"showFog":true,"showSkybox":false,"showFlares":true,"showImageEffects":true,"showParticleSystems":true,"showVisualEffectGraphs":true,"m_FxEnabled":true},"in2DMode":false,"pivot":{"x":-0.06128736212849617,"y":0.5276238322257996,"z":-1.147137999534607},"rotation":{"x":0.005682919640094042,"y":0.06798646599054337,"z":0.0003042734751943499,"w":-0.9976422190666199},"size":1.2247449159622193,"orthographic":false}