{"cameraMode":{"drawMode":0,"name":"Shaded","section":"Shading Mode"},"sceneLighting":true,"audioPlay":false,"sceneViewState":{"m_AlwaysRefresh":false,"showFog":true,"showSkybox":true,"showFlares":true,"showImageEffects":true,"showParticleSystems":true,"showVisualEffectGraphs":true,"m_FxEnabled":true},"in2DMode":false,"pivot":{"x":30.5274715423584,"y":-0.0337558388710022,"z":-12.45446491241455},"rotation":{"x":-0.08649131655693054,"y":-0.3947341740131378,"z":-0.036907464265823367,"w":0.9138484597206116},"size":0.19543859362602235,"orthographic":false}