{"cameraMode":{"drawMode":0,"name":"Shaded","section":"Shading Mode"},"sceneLighting":true,"audioPlay":false,"sceneViewState":{"m_AlwaysRefresh":false,"showFog":true,"showSkybox":true,"showFlares":true,"showImageEffects":true,"showParticleSystems":true,"showVisualEffectGraphs":true,"m_FxEnabled":true},"in2DMode":false,"pivot":{"x":22.638917922973634,"y":4.616354942321777,"z":-11.602556228637696},"rotation":{"x":-0.03205437958240509,"y":0.8229988813400269,"z":0.046719107776880267,"w":0.5651559233665466},"size":11.652149200439454,"orthographic":false}