{"cameraMode":{"drawMode":0,"name":"Shaded","section":"Shading Mode"},"sceneLighting":true,"audioPlay":false,"sceneViewState":{"m_AlwaysRefresh":false,"showFog":true,"showSkybox":true,"showFlares":true,"showImageEffects":true,"showParticleSystems":true,"showVisualEffectGraphs":true,"m_FxEnabled":true},"in2DMode":false,"pivot":{"x":54.668609619140628,"y":1.182137131690979,"z":-16.245100021362306},"rotation":{"x":-0.029042907059192659,"y":-0.376924604177475,"z":-0.01134489942342043,"w":0.9255947470664978},"size":0.19543859362602235,"orthographic":false}